No,Species,Common Name,Season,Size,Habitat,Altitude,Family,Sub-family,Tribe,Genus,Image,Photographer
1,Bhutanitis lidderdalii,Bhutan Glory,Aug-Oct,90-110,Hill forests,2000-3000,Papilionidae,Parnassiinae,Zerynthiini,Bhutanitis,IMG_6425.jpg,Hibu Tama
2,Atrophaneura aidoneus,Lesser Batwing,Mar-Nov,88-136,Forests,upto 2130,Papilionidae,Papilioninae,Troidini,Atrophaneura,Common_Batwing-14_e.jpg,Hibu Tama
3,Atrophaneura varuna,Common Batwing,Mar-Nov,88-136,forest,upto 2130,Papilionidae,Papilioninae,Troidini,Atrophaneura,1744687759_P1060667.JPG,Monsoon Jyoti Gogoi
4,Byasa polyeuctes,Common Windmill,Mar-Nov,110-140,Forests,150-3600,Papilionidae,Papilioninae,Troidini,Byasa,IMG_20190513_002807.jpg,Punyo Chada
5,Troides helena,Common Birdwing,Mar-Nov,140-170,forest,below 1500,Papilionidae,Papilioninae,Troidini,Troides,1744190577_Common birdwing.jpg,Punyo Chada
6,Graphium sarpedon,Common Bluebottle,Jan-Dec,80-90,Forests,upto 2740,Papilionidae,Papilioninae,Leptocircini,Graphium,DSCN0308.jpg,Punyo Chada
7,Graphium cloanthus,Glassy Bluebottle,Mar-Nov,82-95,Hill forests,1800-2745,Papilionidae,Papilioninae,Leptocircini,Graphium,1744174862_37126720.jpg,Rohit George
8,Graphium agamemnon,Tailed Jay,Jan-Dec,85-100,Forests & gardens,upto 1800,Papilionidae,Papilioninae,Leptocircini,Graphium,Tailed_Jay-40.jpg,Hibu Tatu
9,Graphium chironides,Veined Jay,Mar-Aug,75-100,Forests,400-1700,Papilionidae,Papilioninae,Leptocircini,Graphium,DSC_1393_e.jpg,Punyo Chada
10,Graphium eurous,Sixbar Swordtail,Mar-May,60-70,Hill forests,1000-2800,Papilionidae,Papilioninae,Leptocircini,Graphium,Sixbar_Swordtail-2.jpg,Hibu Tatu
11,Graphium agetes,Fourbar Swordtail,Mar-Jun,75-90,Hill forests,900-1200,Papilionidae,Papilioninae,Leptocircini,Graphium,DSC_7302_e.jpg,Punyo Chada
12,Graphium eurypylus,Great Jay,Mar-Sep,75-100,forest,upto 1525,Papilionidae,Papilioninae,Leptocircini,Graphium,1743499496_DSC_2333_s.JPG,Punyo Chada
13,Lamproptera curius,White Dragontail,Mar-Nov,40-50,Forests,Low elevations,Papilionidae,Papilioninae,no_tribe,Lamproptera,1743575907_DSC_2325.JPG,Punyo Chada
14,Papilio memnon,Great Mormon,Mar-Nov,120-150,Forest Edges,upto 2100,Papilionidae,Papilioninae,no_tribe,Papilio,DSC_5647.jpg,Hibu Tatu
15,Papilio helenus,Red Helen,Mar-Nov,110-130,Forests,upto 2100,Papilionidae,Papilioninae,Papilionini,Papilio,1743576417_Red Helen R7__7867_s.jpg,Atanu Bose
16,Papilio protenor,Spangle,Mar-Nov,100-130,Forests,upto 2600,Papilionidae,Papilioninae,Papilionini,Papilio,1743574388_spangle.jpg,Rohit George
17,Papilio arcturus,Blue Peacock,Mar-Aug,110-130,Hill forests,1525-3350,Papilionidae,Papilioninae,Papilionini,Papilio,1743573718_blue peacock.jpeg,Rohit George
18,Papilio bianor,Common Peacock,Mar-Oct,90-130,Hill forests,200-2250,Papilionidae,Papilioninae,Papilionini,Papilio,IMG_0893_e.jpg,Tater Mize
19,Papilio demoleus,Common Lime,Jan-Dec,80-100,Gardens and farmlands,upto 2130,Papilionidae,Papilioninae,Papilionini,Papilio,Lime_Butterfly.jpg,Mohan Prasath
20,Papilio paris,Paris Peacock,Mar-Nov,90-140,Forests,upto 2135,Papilionidae,Papilioninae,Papilionini,Papilio,DSCN1680.jpg,Punyo Chada
21,Papilio alcmenor,Redbreast,Mar-Oct,110-130,Forests,300-2100,Papilionidae,Papilioninae,Papilionini,Papilio,Red_Breast.jpg,Mohan Prasath
22,Papilio nephelus,Yellow Helen,Feb-Nov,115-130,Forests,Low elevations,Papilionidae,Papilioninae,Papilionini,Papilio,Yellow_Helen1.jpg,Mohan Prasath
23,Papilio paradoxa,Great Blue Mime,Mar-Oct,120-150,Forests,Low elevations,Papilionidae,Papilioninae,Papilionini,Papilio,"1744628731_Papilio paradoxa (Barail WLS, Assam) 26.3.2016-ADJ.jpeg",Monsoon Jyoti Gogoi
24,Papilio clytia,Common Mime,Mar-Dec,90-100,Forests & gardens,upto 2500,Papilionidae,Papilioninae,Papilionini,Papilio,1743680071_butterflies 001 (87)_ee.JPG,Punyo Chada
25,Papilio polytes,Common Mormon,Jan-Dec,90-100,Forest clearings & grasslands,upto 1830,Papilionidae,Papilioninae,Papilionini,Papilio,Common_Mormon_e.jpg,Mohan Prasath
26,Papilio epycides,Lesser Mime,Mar-May,70-90,Forests,450-1200,Papilionidae,Papilioninae,Papilionini,Papilio,IMG_20190513_002455.jpg,Punyo Chada
27,Papilio krishna,Krishna Peacock,Apr-Nov,120-130,hill forest,900-3000,Papilionidae,Papilioninae,Papilionini,Papilio,1743579147_krishna peacock 1.jpeg,Punyo Chada
28,Meandrusa lachinus,Brown Gorgon,Apr-Oct,105-115,Hill forests,1000-2600,Papilionidae,Papilioninae,Teinopalpini,Meandrusa,1743502037_WhatsApp Image 2025-04-01 at 15.36.20.jpeg,Punyo Chada
29,Teinopalpus imperialis,Kaiser-i-Hind,Apr-Jul,90-120,Forests,1830-3050,Papilionidae,Papilioninae,Teinopalpini,Teinopalpus,1743570752_kaiser.jpeg,Punyo Chada
30,Rohana parisatis,Black Prince,Mar-Nov,45-50,Hill forests,600-1800,Nymphalidae,Apaturinae,Apaturini,Rohana,IMG-20181007-WA0038.jpg,Punyo Chada
31,Rohana parvata,Brown Prince,May-Nov,50-60,Hill forests,350-1500,Nymphalidae,Apaturinae,Apaturini,Rohana,"Black_Prince,_Rohana_parisatis_parisatis(F).jpg",Punyo Chada
32,Sephisa chandra,Eastern Courtier,Apr-Nov,75-90,Hill forests,790-1760,Nymphalidae,Apaturinae,Apaturini,Sephisa,1743576778_DSC_7422_s.jpg,Koj Mama
33,Hestinalis nama,Circe,Feb-Nov,95-105,Forests,400-2200,Nymphalidae,Apaturinae,Apaturini,Hestinalis,1743671689_circe_e.jpeg,Rohit George
34,Kaniska canace,Blue Admiral,Mar-Dec,60-75,Hill forests,1000-3000,Nymphalidae,Nymphalinae,Nymphalini,Kaniska,DSCN8941_e.jpg,Punyo Chada
35,Symbrenthia lilaea,Common Jester,Jan-Dec,45-55,Forests,300-1700,Nymphalidae,Nymphalinae,Nymphalini,Symbrenthia,"Great_Yellow_Sailer,_Neptis_radha.jpg",Punyo Chada
36,Symbrenthia hypselis,Spotted Jester,Mar-Oct,40-55,Hill forests,300-2400,Nymphalidae,Nymphalinae,Nymphalini,Symbrenthia,Jester.jpg,Hibu Tatu
37,Symbrenthia niphanda,Blue-tail Jester,Mar-Nov,50-60,Hill forests,1000-2600,Nymphalidae,Nymphalinae,Nymphalini,Symbrenthia,"Blue-Tail_Jester,_Symbrenthia_niphanda.jpg",Punyo Chada
38,Symbrenthia brabira,Himalayan Jester,Mar-Oct,40-55,forest,1400-1700,Nymphalidae,Nymphalinae,Nymphalini,Symbrenthia,1744107554_P1070978b.JPG,Monsoon Jyoti Gogoi
39,Vanessa indica,Indian Red Admiral,Mar-Oct,55-65,Forests & meadows,400-3900,Nymphalidae,Nymphalinae,Nymphalini,Vanessa,indian_red_admiral.jpg,Punyo Chada
40,Vanessa cardui,Painted Lady,Jan-Dec,55-70,Grasslands and Forests,upto 4500,Nymphalidae,Nymphalinae,Nymphalini,Vanessa,1744176582_36963723.jpg,Anubhav Agarwal
41,Aglais cashmiriensis,Indian Tortoiseshell,Feb-Nov,55-65,Forests & meadows,400-5360,Nymphalidae,Nymphalinae,Nymphalini,Aglais,IMG_20190809_103733.jpg,Punyo Chada
42,Junonia orithya,Blue Pansy,Jan-Dec,45-60,Grasslands and forests,upto 2100,Nymphalidae,Nymphalinae,Junoniini,Junonia,DSC_0820_2.jpg,Rohit George
43,Junonia iphita,Chocolate Pansy,Jan-Dec,55-80,Forests,upto 1900,Nymphalidae,Nymphalinae,Junoniini,Junonia,1-butterflies_001_(37).jpg,Punyo Chada
44,Junonia atlites,Grey Pansy,Jan-Dec,55-65,Forests & farmlands,upto 1300,Nymphalidae,Nymphalinae,Junoniini,Junonia,"Gray_Pansy,_Junonia_atlities.jpg",Punyo Chada
45,Junonia_lemonias,Lemon Pansy,Jan-Dec,40-60,Forests & gardens,upto 2100,Nymphalidae,Nymphalinae,Junoniini,Junonia_lemonias,Lemon_Pansy(Junonia_lemonias).jpg,Punyo Chada
46,Hypolimnas bolina,Great Eggfly,Jan-Dec,70-110,grasslands and forests,upto 2100,Nymphalidae,Nymphalinae,Junoniini,Hypolimnas,1743653844_great eggfly.jpeg,Rohit George
47,Kallima knyvettii,Scarce Blue Oakleaf,May-Nov,95-110,Hill forests,1700-2500,Nymphalidae,Nymphalinae,Kallimini,Kallima,IMG_6162.jpg,Hibu Tama
48,Kallima inachus,Orange Oakleaf,Apr-Nov,85-110,Forests,upto 1800,Nymphalidae,Nymphalinae,Kallimini,Kallima,DSCN9345.jpg,Punyo Chada
49,Doleschallia bisaltide,Autumn Leaf,Jan-Nov,75-85,Forests,upto 1030,Nymphalidae,Nymphalinae,Kallimini,Doleschallia,IMG_1303.jpg,Hibu Tama
50,Parantica sita,Chestnut Tiger,Mar-Dec,85-105,Forests,upto 3000,Nymphalidae,Danainae,Danaini,Parantica,LRM_EXPORT_20180729_095838.jpg,Millo Tako
51,Parantica aglea,Glassy Tiger,Jan-Dec,70-85,Forest Edges,upto 2100,Nymphalidae,Danainae,Danaini,Parantica,"Glassy_Tiger,_Parantica_aglea.jpg",Punyo Chada
52,Parantica melaneus,Chocolate Tiger,Feb-Nov,85-95,Forests,upto 2800,Nymphalidae,Danainae,Danaini,Parantica,DSC_4476.jpg,Rohit George
53,Euploea mulciber,Striped Blue Crow,Jan-Dec,90-100,Forests and plains,upto 2500,Nymphalidae,Danainae,Danaini,Euploea,Great_Blue_Mime-mize5_e.jpg,Hibu Tama
54,Euploea core,Common Crow,Jan-Dec,85-95,Forests and urban areas,upto 2500,Nymphalidae,Danainae,Danaini,Euploea,Common_Crow_(1).jpg,Mohan Prasath
55,Tirumala limniace,Blue Tiger,Jan-Dec,90-100,Plains and hills,upto 2000,Nymphalidae,Danainae,Danaini,Tirumala,IMG_0640.jpg,Punyo Chada
56,Tirumala septentrionis,Dark Blue Tiger,Jan-Dec,75-95,Forests,upto 2000,Nymphalidae,Danainae,Danaini,Tirumala,DSCN1720.jpg,Punyo Chada
57,Danaus genutia,Striped Tiger,Jan-Dec,72-100,plains and hills,upto 2500,Nymphalidae,Danainae,Danaini,Danaus,1743579346_DSC_0211_e.JPG,Sandex Varghese
58,Tanaecia julii,Common Earl,Mar-Nov,65-85,forest,upto 1030,Nymphalidae,Limenitidinae,Adoliadini,Tanaecia,1744614473_Common Earl.JPG,Monsoon Jyoti Gogoi
59,Euthalia nara,Bronze Duke,Jun-Aug,70-95,Hill forests,1000-2200,Nymphalidae,Limenitidinae,Adoliadini,Euthalia,"Grand_duke,_euthalia_nara_(F).jpg",Punyo Chada
60,Euthalia sahadeva,Green Duke,Mar-Oct,115-125,Hill forests,400-1500,Nymphalidae,Limenitidinae,Adoliadini,Euthalia,"e_Green_Duke,_Euthalia_iva-L.jpg",Punyo Chada
61,Euthalia franciae,French Duke,Mar-Sep,70-95,forests,400-1950,Nymphalidae,Limenitidinae,Adoliadini,Euthalia,1744283868_196433579-2.jpeg,Anurag Mishra
62,Euthalia pulchella,,Jun-Sep,72-86,Hill forests,1600-2100,Nymphalidae,Limenitidinae,Adoliadini,Euthalia,"1744687264_Euthalia pulchella, female.jpg",Monsoon Jyoti Gogoi
63,Bassarona durga,Blue Duke,Apr-Nov,95-105,Hill forests,400-1500,Nymphalidae,Limenitidinae,Adoliadini,Bassarona,aDSCN1393.jpg,Punyo Chada
64,Neurosigma siva,Panther,Mar-Nov,80-100,Forests,400-1520,Nymphalidae,Limenitidinae,Adoliadini,Neurosigma,"Panther,_Neurosigma_siva.jpg",Punyo Chada
65,Abrota ganga,Sergeant-major,Mar-Sep,75-90,Forests,400-1200,Nymphalidae,Limenitidinae,Adoliadini,Abrota,aDSCN1375.jpg,Punyo Chada
66,Pantoporia hordonia,Common Lascar,Jan-Dec,45-50,forest,Low elevations,Nymphalidae,Limenitidinae,Neptini,Pantoporia,1744690424_P1020156.JPG,Monsoon Jyoti Gogoi
67,Neptis sankara,Broad-banded Sailer,Mar-Dec,55-70,forest,upto 1800,Nymphalidae,Limenitidinae,Neptini,Neptis,1744691899_IMG_7753.jpg,Monsoon Jyoti Gogoi
68,Neptis zaida,Pale Green Sailer,Mar-Jul,65-75,hill forest,900-2500,Nymphalidae,Limenitidinae,Neptini,Neptis,1744695998__MG_1020.jpg,Monsoon Jyoti Gogoi
69,Neptis sappho,Pallas' Sailer,Feb-Oct,44-57,Hill forests,upto 2000,Nymphalidae,Limenitidinae,Neptini,Neptis,"Short-banded_Sailer,_Phaedyma_columelle.jpg",Punyo Chada
70,Neptis miah,Small Yellow Sailer,Mar-Nov,45-60,Forests,upto 760,Nymphalidae,Limenitidinae,Neptini,Neptis,1744690130_IMG_0458.jpg,Monsoon Jyoti Gogoi
71,Neptis cartica,Plain Sailer,Mar-Dec,55-70,Forests,upto 1800,Nymphalidae,Limenitidinae,Neptini,Neptis,"Dot-Dash_Sergeant,_Athyma_kanwa..jpg",Punyo Chada
72,Neptis pseudovikasi,Dingy Sailer,Mar-Nov,55-70,Forests,upto 1220,Nymphalidae,Limenitidinae,Neptini,Neptis,"Dingiest_sailer,_neptis_harita-L.jpg",Punyo Chada
73,Neptis ananta,Yellow Sailer,Apr-Dec,70-80,Hill forests,130-2200,Nymphalidae,Limenitidinae,Neptini,Neptis,DSC_0554.jpg,Punyo Chada
74,Neptis manasa,Pale Hockeystick Sailer,May-Jun,50-60,Hill forests,1800-2400,Nymphalidae,Limenitidinae,Neptini,Neptis,DSC_0636.jpg,Punyo Chada
75,Neptis soma,Creamy Sailer,Mar-Nov,47-54,Forests,upto 1500,Nymphalidae,Limenitidinae,Neptini,Neptis,1744107679_IMG_20241107_111003_e.jpg,Monsoon Jyoti Gogoi
77,Neptis philyra,Long-Streak Sailor,Jun-Aug,60-70,Hill forests,1600-2400,Nymphalidae,Limenitidinae,Neptini,Neptis,1743567378_Neptis philyra 1 R7__7854 - Atanu Bose_s.jpg,Atanu Bose
78,Neptis radha,Great Yellow Sailer,Apr-Dec,70-80,hill forest,130-2200,Nymphalidae,Limenitidinae,Neptini,Neptis,1743663553_great yellow sailer_e.jpeg,Rohit George
79,Phaedyma columella,Short-banded Sailer,Jan-Oct,60-70,forest,800-1500,Nymphalidae,Limenitidinae,Neptini,Phaedyma,1744696072_IMG_0440.jpg,Monsoon Jyoti Gogoi
80,Sumalia daraxa,Green Commodore,Mar-Nov,60-70,Forests,300-2100,Nymphalidae,Limenitidinae,Limenitidini,Sumalia,IMG_0795.jpg,Tater Mize
81,Athyma cama,Orange Staff Sergeant,Mar-Dec,60-75,Forests,350-1890,Nymphalidae,Limenitidinae,Limenitidini,Athyma,"Orange_Staff_Sergeant,_Athyma_cama.jpg",Punyo Chada
82,Athyma asura,Studded Sergeant,Feb-Aug,65-75,Forests,upto 2600,Nymphalidae,Limenitidinae,Limenitidini,Athyma,"studded_sergent,_Athyma_asura.jpg",Punyo Chada
84,Athyma jina,Bhutan Sergeant,Feb-Dec,60-75,Forests,800-1850,Nymphalidae,Limenitidinae,Limenitidini,Athyma,1743488677_b7c9ed24-7ed5-4488-b62c-9619a7337f42.jpeg,Punyo Chada
85,Athyma nefte,Colour Sergeant,Jan-Dec,55-70,Forests,upto 1150,Nymphalidae,Limenitidinae,Limenitidini,Athyma,Colour_Sergeant.jpg,Mohan Prasath
86,Athyma ranga,Blackvein Sergeant,Mar-Nov,60-70,Forests,upto 1030,Nymphalidae,Limenitidinae,Limenitidini,Athyma,Blackvein_Sergeant.jpg,Mohan Prasath
87,Athyma perius,Common Sergeant,Mar-Nov,55-70,Hill forests,1800-2800,Nymphalidae,Limenitidinae,Limenitidini,Athyma,1744024081_Common Sergeant 1.JPG,Monsoon Jyoti Gogoi
88,Athyma orientalis,Oriental Sergeant,Apr-Jun,60-70,"Forests, riverine and rocky streams",upto 3000,Nymphalidae,Limenitidinae,Limenitidini,Athyma,1743573896_Elongated Sergeant Athyma orientalis.jpeg,Rohit George
89,Athyma punctata,White-patch Sergeant,Jun-Aug,60-70,tropical forests & grasslands,600-1800,Nymphalidae,Limenitidinae,Limenitidini,Athyma,1744615588_Athyma punctata.jpg,Anung Lego
90,Parasarpa zayla,Bicolor Commodore,Jun-Sep,80-95,Hill forests,around 2500,Nymphalidae,Limenitidinae,Limenitidini,Parasarpa,Bicolour_Commodore-3.jpg,Hibu Tatu
91,Parasarpa dudu,White Commodore,Mar-Nov,75-85,Forests,400-2650,Nymphalidae,Limenitidinae,Limenitidini,Parasarpa,"White_commodore,_Parasarpa_dudu-L.jpg",Punyo Chada
92,Auzakia danava,Commodore,Feb-Oct,80-85,Hill forests,880-1820,Nymphalidae,Limenitidinae,Limenitidini,Auzakia,Commodore-13.jpg,Hibu Tama
93,Lethe insana,Common Forester,Mar-Oct,55-60,Forests,1500-2700,Nymphalidae,Satyrinae,Satyrini,Lethe,IMG_6463.jpg,Hibu Tama
94,Lethe verma,Straight-banded Treebrown,Apr-Nov,55-60,Hill forests,1200-3000,Nymphalidae,Satyrinae,Satyrini,Lethe,Straight-Banded_Treebrown-38.jpg,Hibu Tatu
95,Lethe sura,Lilacfork,Apr-Nov,65-85,Hill forests,1800-2200,Nymphalidae,Satyrinae,Satyrini,Lethe,IMG_20190513_002149.jpg,Punyo Chada
96,Lethe bhairava,Rusty Forester,Apr-Nov,55-60,hill forest,1200-3000,Nymphalidae,Satyrinae,Satyrini,Lethe,1743576199_Rusty Forester R7__7665_s.jpg,Atanu Bose
97,Lethe sidonis,Common Woodbrown,Apr-Oct,45-60,Forests,1200-3100,Nymphalidae,Satyrinae,Satyrini,Lethe,"Common_woodbrown,_Lethe_sidinis.jpg",Punyo Chada
98,Lethe sinorix,Tailed Red Forester,Apr-Nov,70-78,Hill forests,200-2160,Nymphalidae,Satyrinae,Satyrini,Lethe,"Tailed_red_forester,_Lethe_sinorix.jpg",Punyo Chada
99,Lethe gemina,Tytlers Treebrown,Jul-Oct,60-70,Hill forests,1700-2230,Nymphalidae,Satyrinae,Satyrini,Lethe,1743491604_tytlers tree brown.jpeg,Punyo Chada
100,Lethe mekara,Common Red Forester,Mar-Nov,65-75,Forests,upto 2100,Nymphalidae,Satyrinae,Satyrini,Lethe,Pallid_Forester-29.jpg,Hibu Tatu
101,Lethe latiaris,Pale Forester,Apr-Oct,55-65,Forests,upto 2400,Nymphalidae,Satyrinae,Satyrini,Lethe,original_(3).jpg,Subhajit Roy
102,Lethe chandica,Angled Red Forester,Feb-Nov,65-75,Hill forests,300-1500,Nymphalidae,Satyrinae,Satyrini,Lethe,original_(4).jpg,Subhajit Roy
103,Lethe margaritae,Bhutan Treebrown,Mar-Oct,55-60,forest,1500-2700,Nymphalidae,Satyrinae,Satyrini,Lethe,1743575594_Bhutan Tree Brown.jpeg,Punyo Chada
104,Lethe goalpara,Large Goldenfork,Jul-Sep,65-80,hill forest,1800-3000,Nymphalidae,Satyrinae,Satyrini,Lethe,1743590213_Large Goldenfork (Lethe goalpara).jpg,Arjun Basu Roy
105,Lethe maitrya,Barred Woodbrown,Jul-Nov,45-55,hill forest,2500-3800,Nymphalidae,Satyrinae,Satyrini,Lethe,1744687553_P1050432.JPG,Monsoon Jyoti Gogoi
106,Lethe serbonis,Brown Forester,Jun-Nov,60-70,hill forest,1000-3000,Nymphalidae,Satyrinae,Satyrini,Lethe,1743660941_brown forester.jpg,Subhajit Roy
107,Lethe dura,Scarce Lilacfork,Apr-Nov,70-85,hill forest,1800-2200,Nymphalidae,Satyrinae,Satyrini,Lethe,1743662519_DSCN8594_e.JPG,Punyo Chada
108,Lethe ramadeva,Single Silverstripe,Apr-May,60-70,hill forests,1700-2400,Nymphalidae,Satyrinae,Satyrini,Lethe,1744283710_196540191-2.jpeg,Anurag Mishra
109,Ypthima sakra,Himalayan Five-ring,Feb-Nov,45-55,Forests,1980-2700,Nymphalidae,Satyrinae,Satyrini,Ypthima,LRM_EXPORT_20180729_100208.jpg,Millo Tako
111,Ypthima baldus,Common Five-ring,Feb-Oct,32-48,Forests,upto 1820,Nymphalidae,Satyrinae,Satyrini,Ypthima,LRM_EXPORT_147813462222946_20190724_210000035.jpeg,Mahesh Baruah
112,Ypthima confusa,Confusing Threering,-,30-40,Forests,upto 1500,Nymphalidae,Satyrinae,Satyrini,Ypthima,DSCN8446.jpg,Punyo Chada
113,Ypthima newara,Newar Three-ring,Apr-Nov,45-50,Forest edges,upto 2000,Nymphalidae,Satyrinae,Satyrini,Ypthima,newar_three_ring.jpg,Mahesh Baruah
114,Ragdia crisilda,Striped Ringlet,Mar-Nov,42-46,forest,Low elevations,Nymphalidae,Satyrinae,Satyrini,Ragdia,1744628897__MG_7653.JPG,Monsoon Jyoti Gogoi
115,Rhaphicera satricus,Large Tawny Wall,Aug-Sep,60-65,Hill forests,1820-3500,Nymphalidae,Satyrinae,Satyrini,Rhaphicera,1744283568_196540312.jpeg,Anurag Mishra
116,Melanitis phedima,Dark Evening Brown,Apr-Dec,75-85,hill forest,upto 1100,Nymphalidae,Satyrinae,Melanitini,Melanitis,Dark_Evening_Brown-19.jpg,Hibu Tama
117,Melanitis leda,Common Evening Brown,Jan-Dec,60-80,Forests & grasslands,upto 2100,Nymphalidae,Satyrinae,Melanitini,Melanitis,"Common_Evening_Brown,_Melanitis_leda.jpg",Hibu Tama
118,Cyllogenes janetae,Scarce Evening Brown,Jul-Oct,60-80,Forests,upto 2000,Nymphalidae,Satyrinae,Melanitini,Cyllogenes,IMG-20180929-WA0024_e.jpg,Baburaj Velayudhan
119,Mycalesis francisca,Lilacine Bushbrown,Mar-Oct,48-55,Hill forests,400-1980,Nymphalidae,Satyrinae,Elymniini,Mycalesis,DSCN1475.jpg,Punyo Chada
120,Mycalesis perseus,Common Bushbrown,Jan-Dec,38-55,Forests & grasslands,upto 1700,Nymphalidae,Satyrinae,Elymniini,Mycalesis,"Common_Bushbrown,_Mycalesis.jpg",Punyo Chada
121,Mycalesis mineus,Dark-branded Bushbrown,Jan-Dec,40-50,Forest edges,upto 1500,Nymphalidae,Satyrinae,Elymniini,Mycalesis,"Dark-band_Bushbrown,_mycalesis_mineus-S.jpg",Punyo Chada
122,Mycalesis nicotia,Bright-eye Bushbrown,Apr-Aug,55-60,hill forest,600-1500,Nymphalidae,Satyrinae,Elymniini,Mycalesis,"Bright-eye__Bushbrown,_Mycalesis_nicotia.jpg",Punyo Chada
123,Telinga mestra,White-edged Bushbrown,Apr-Oct,60-70,Hill forests,1500-1800,Nymphalidae,Satyrinae,Elymniini,Telinga,1743678458_IMG_5810_e.JPG,Punyo Chada
124,Neope pulaha,Veined Labyrinth,Mar-Sep,60-70,Hill forests,1500-3050,Nymphalidae,Satyrinae,Elymniini,Neope,"Veined_Labyrinth,_Neope_pulaha_(moore).jpg",Punyo Chada
125,Neope yama,Dusky Labyrinth,Apr-Oct,70-85,hill forest,1200-2370,Nymphalidae,Satyrinae,Elymniini,Neope,1743573026_dusky labyrnth.jpeg,Rohit George
126,Stichophthalma sparta,Manipur Jungle Queen,Apr-Sep,125-150,Hill forests,Low elevations,Nymphalidae,Satyrinae,Amathusiini,Stichophthalma,"Manipuri_Jungle_queen,_stichphthalma_sparta.jpg",Punyo Chada
127,Stichophthalma camadeva,Northern Jungle Queen,Jun-Jul,125-150,Hill forests,700-1000,Nymphalidae,Satyrinae,Amathusiini,Stichophthalma,1743570480_nothern jungle queen.jpeg,Punyo Chada
128,Sticophthalma nourmahal,Chocolate Jungle Queen,Jul-Sep,95-105,hill forest,300-1800,Nymphalidae,Satyrinae,Amathusiini,Sticophthalma,DSC_1511.jpg,Punyo Chada
129,Enispe cycnus,Blue Caliph,Mar-Nov,80-95,Hill forests,upto 1800,Nymphalidae,Satyrinae,Amathusiini,Enispe,1743574039_blue caliph.jpeg,Punyo Chada
130,Thaumantis diores,Jungle Glory,Mar-Dec,95-115,forest,400-1200,Nymphalidae,Satyrinae,Amathusiini,Thaumantis,"Jungle_Glory,_Thaumantis_diores.jpg",Punyo Chada
131,Neorina hilda,Yellow Owl,Jul-Sep,80-95,Forested Hills,500-2800,Nymphalidae,Satyrinae,Amathusiini,Neorina,Yellow_Owl.jpg,Punyo Chada
132,Penthema lisarda,Yellow Kaiser,Mar-Oct,125-135,Forests,350-1500,Nymphalidae,Satyrinae,Zetherini,Penthema,DSC_1810.jpg,Punyo Chada
133,Polyura athamas,Common Nawab,Jan-Dec,60-75,"Forests, plains and hills",upto 1900,Nymphalidae,Charaxinae,Charaxini,Polyura,Common_Nawab_(2).jpg,Mohan Prasath
134,Polyura dolon,Stately Nawab,Apr-Aug,80-105,Hill forests,1430-1900,Nymphalidae,Charaxinae,Charaxini,Polyura,Stately_Nawab.jpg,Hibu Tama
135,Polyura arja,Pallid Nawab,Apr-Nov,75-85,forest,upto 700,Nymphalidae,Charaxinae,Charaxini,Polyura,1744690981_DSCN1700.JPG,Monsoon Jyoti Gogoi
136,Charaxes kahruba,Variegated Rajah,Apr-Nov,90-120,forest,upto 1220,Nymphalidae,Charaxinae,Charaxini,Charaxes,1743576094_Variegated Rajah R7__7327_s.jpg,Atanu Bose
137,Vindula erota,Cruiser,Feb-Nov,72-110,Forests,upto 2500,Nymphalidae,Heliconiinae,Vagrantini,Vindula,Cruiser-18.jpg,Hibu Tatu
138,Cirrochroa aoris,Large Yeoman,Mar-Nov,80-90,Forests,upto 2000,Nymphalidae,Heliconiinae,Vagrantini,Cirrochroa,"Large_Yeoman,_Cirrochroa_aoris.jpg",Punyo Chada
139,Vagrans egista,Vagrant,Feb-Dec,55-65,Forests,upto 2250,Nymphalidae,Heliconiinae,Vagrantini,Vagrans,DSCN4102-001.jpg,Hibu Tatu
140,Argynnis childreni,Large Silverstripe,Apr-Nov,75-100,Forest clearings,1200-3000,Nymphalidae,Heliconiinae,Argynnini,Argynnis,"Large_silverstripe,_Argynnis_chilreni.jpg",Punyo Chada
141,Argynnis hyperbius,Indian Fritillary,Jan-Dec,65-85,Forests & grasslands,upto 3000,Nymphalidae,Heliconiinae,Argynnini,Argynnis,Indian_Fritillary-F.jpg,Hibu Tama
142,Cethosia biblis,Red Lacewing,Feb-Nov,65-90,Forests,400-2000,Nymphalidae,Heliconiinae,Heliconiini,Cethosia,Red_Lacewing-mize3.jpg,Hibu Tatu
143,Cethosia cyane,Leopard Lacewing,Jan-Nov,80-95,Forests,upto 4500,Nymphalidae,Heliconiinae,Heliconiini,Cethosia,"Leopard_lacewing,_cethosia_cyane.jpg",Punyo Chada
144,Acraea issoria,Yellow Coster,Mar-Oct,45-85,Forests,600-2400,Nymphalidae,Heliconiinae,Acraeini,Acraea,"Yellow_coster,_Acraea_issoria(M0-A.jpg",Punyo Chada
145,Stibochiona nicea,Popinjay,Mar-Oct,60-80,Forests,400-1800,Nymphalidae,Cyrestinae,Pseudergolini,Stibochiona,Popin_Jay-31.jpg,Hibu Tatu
146,Pseudergolis wedah,Tabby,Mar-Oct,55-65,Hill forests,1000-2000,Nymphalidae,Cyrestinae,Pseudergolini,Pseudergolis,Common_Earl-15.jpg,Hibu Tatu
147,Dichorragia nesimachus,Constable,Mar-Nov,65-85,Hill forests,450-2100,Nymphalidae,Cyrestinae,Pseudergolini,Dichorragia,Constable.jpg,Mohan Prasath
148,Cyrestis thyodamas,Common Map,Jan-Dec,50-60,Forests,upto 2700,Nymphalidae,Cyrestinae,Cyrestini,Cyrestis,LRM_EXPORT_20180730_134205.jpg,Millo Tako
149,Ariadne merione,Common Castor,Jan-Dec,45-60,Forests & gardens,upto 2500,Nymphalidae,Biblidinae,Biblidini,Ariadne,common_castor.jpg,Mohan Prasath
150,Calinaga brahma,Eastern Freak,Mar-May,95-105,Hill forests,upto 2100,Nymphalidae,Calinaginae,no_tribe,Calinaga,DSC_1023.jpg.jpg,Koj Mama
151,Libythea lepita,Common Beak,Apr-Oct,45-50,Hill forests,300-3000,Nymphalidae,Libytheinae,no_tribe,Libythea,DSC_1344.jpg,Punyo Chada
152,Chliaria kina,Blue Tit,Mar-Oct,26-29,Hill forests,975-1800,Lycaenidae,Theclinae,Hypolycaenini,Chliaria,Blue_Tit2.jpg,Hibu Tatu
153,Rapala nissa,Common Flash,Feb-Nov,34-38,Hill forests,300-2400,Lycaenidae,Theclinae,Deudorigini,Rapala,DSC_1021.jpg,Punyo Chada
154,Rapala rectivitta,Scarce Shot Flash,Feb-Oct,38-42,Hill forests,upto 2040,Lycaenidae,Theclinae,Deudorigini,Rapala,1744689370_IMG_0410.jpg,Monsoon Jyoti Gogoi
155,Sinthusa virgo,Pale Spark,Mar-Jun,32-36,Hill forests,1800-2400,Lycaenidae,Theclinae,Deudorigini,Sinthusa,DSC_7485.jpg,Punyo Chada
156,Ancema ctesia,Bi-spot Royal,Apr-Oct,38-40,Forests,90-2100,Lycaenidae,Theclinae,Remelanini,Ancema,Bi-Spot_Royal-4.jpg,Hibu Tatu
157,Cigaritis lohita,Long-banded Silverline,Mar-Oct,30-42,Forests,upto 1670,Lycaenidae,Theclinae,Aphnaeini,Cigaritis,"Long-banded_silverline,_Spindasis_lohita.jpg",Punyo Chada
159,Zeltus amasa,Fluffy Tit,Apr-Dec,28-32,Forests,upto 1120,Lycaenidae,Theclinae,Hypolycaenini,Zeltus,Fluffy_Tit.jpg,Mohan Prasath
160,Chrysozephyrus dumoides,Powdered Green Hairstreak,May-Jul,20-25,"Forests, often near streams",1500-2500,Lycaenidae,Theclinae,Theclini,Chrysozephyrus,"1743677835_Powdered Green Hairstreak,female.jpg",Monsoon Jyoti Gogoi
161,Acytolepis puspa,Common Hedge Blue,Jan-Dec,28-35,Forests,upto 3050,Lycaenidae,Polyommatinae,Polyommatini,Acytolepis,common_hedge_blue.jpg,Mohan Prasath
162,Prosotas nora,Common Lineblue,Jan-Dec,18-25,Forests & gardens,upto 2590,Lycaenidae,Polyommatinae,Polyommatini,Prosotas,IMG_6264_e.jpg,Hibu Tama
163,Prosotas bhutea,Bhutia Lineblue,Apr-Dec,25-28,hill forest,800-2000,Lycaenidae,Polyommatinae,Polyommatini,Prosotas,Tailless_Lineblue-41_e.jpg,Hibu Tama
164,Prosotas dubiosa,Tailless Lineblue,Apr-Oct,22-26,Forests,upto 1460,Lycaenidae,Polyommatinae,Polyommatini,Prosotas,1744629515_Tail less Linebluee.JPG,Atanu Bose
166,Zizina otis,Lesser Grass Blue,Jan-Dec,19-26,Forest edges & grasslands,upto 2000,Lycaenidae,Polyommatinae,Polyommatini,Zizina,Lesser_Grass_Blue-27.jpg,Hibu Tatu
167,Megisba malaya,Malayan,Mar-Nov,20-30,Forests,-,Lycaenidae,Polyommatinae,Polyommatini,Megisba,Malayan.jpg,Mohan Prasath
168,Pseudozizeeria maha,Pale Grass Blue,Jan-Dec,26-30,Grasslands and forest edges,upto 2500,Lycaenidae,Polyommatinae,Polyommatini,Pseudozizeeria,LRM_EXPORT_20180730_135651.jpg,Millo Tako
169,Udara dilecta,Pale Hedge Blue,Jan-Dec,28-32,Hill forests,610-3900,Lycaenidae,Polyommatinae,Polyommatini,Udara,1743573564_pale hedge blue.jpeg,Rohit George
170,Udara albocaeruleus,Albocerulean,Mar-Dec,26-34,Hill forests,Low elevations,Lycaenidae,Polyommatinae,Polyommatini,Udara,Albocerulean.jpg,Punyo Chada
171,Ionolyce helicon,Pointed Lineblue,Apr-Oct,22-25,forest,upto 910,Lycaenidae,Polyommatinae,Polyommatini,Ionolyce,1744628607_Ionolyce helicon merguiana.jpg,Monsoon Jyoti Gogoi
172,Castalius rosimon,Common Pierrot,Jan-Dec,24-34,Grasslands and forests,upto 2500,Lycaenidae,Polyommatinae,Polyommatini,Castalius,mize2.jpg,Tater Mize
173,Caleta elna,Elbowed Pierrot,Mar-Oct,30-34,Forests,upto 1030,Lycaenidae,Polyommatinae,Polyommatini,Caleta,"Elbowed_Pierrot,_Caleta_elna-p.jpg",Punyo Chada
174,Caleta roxus,Straight Pierrot,Feb-Dec,26-30,forest,Low elevations,Lycaenidae,Polyommatinae,Polyommatini,Caleta,LRM_EXPORT_147477322056772_20190724_205423895.jpeg,Mahesh Baruah
175,Celastrina lavendularis,Plain Hedge Blue,Jan-Dec,28-34,forest,400-2400,Lycaenidae,Polyommatinae,Polyommatini,Celastrina,1743573346_Plain Hedge Blue.jpeg,Rohit George
176,Una usta,Singleton,Mar-Nov,24-27,Forests,Low elevations,Lycaenidae,Polyommatinae,Polyommatini,Una,"Singleton,_Una_usta-P_e.jpg",Punyo Chada
177,Orthomiella pontis,Straightwing Blue,Mar-Aug,28-32,Forest clearning,900-2800,Lycaenidae,Polyommatinae,Polyommatini,Orthomiella,DSCN0845.jpg,Rohit George
178,Celatoxia marginata,Margined Hedge Blue,Jan-Dec,28-32,Hill forests,610-3900,Lycaenidae,Polyommatinae,Polyommatini,Celatoxia,1744696146_1742843962514.jpg,Monsoon Jyoti Gogoi
179,Nacaduba kurava,Transparent Six-Lineblue,Apr-Nov,30-38,Forests,upto 2070,Lycaenidae,Polyommatinae,Polyommatini,Nacaduba,DSCN8363_e.jpg,Punyo Chada
180,Catochrysops strabo,Forget-me-not,Jan-Dec,25-35,Drier habitats,Low elevations,Lycaenidae,Polyommatinae,Polyommatini,Catochrysops,DSC_7512.jpg,Punyo Chada
181,Taraka hamada,Forest Pierrot,Mar-Dec,20-30,Forests,Low elevations,Lycaenidae,Miletinae,Tarakini,Taraka,DSCN9299.jpg,Punyo Chada
182,Heliophorus brahma,Golden Sapphire,Apr-Dec,30-38,Hill forests,1200-2400,Lycaenidae,Lycaeninae,Heliophorini,Heliophorus,"Golden_sapphire,_Heliophorus_brahma.jpg",Monsoon Jyoti Gogoi
184,Heliophorus epicles,Purple Sapphire,Feb-Oct,28-34,Forest edges,upto 2100,Lycaenidae,Lycaeninae,Heliophorini,Heliophorus,"Golden_sapphire,_Heliophorus_brahma-L.jpg",Punyo Chada
185,Heliophorus moorei,Azure Sapphire,Mar-Oct,30-35,Hill forests,1300-3000,Lycaenidae,Lycaeninae,Heliophorini,Heliophorus,Azure_Sapphire_(2).jpg,Mohan Prasath
186,Heliophorus viridipunctata,,Mar-May,20-30,"Tropical forests, shrubs",700-1800,Lycaenidae,Lycaeninae,Heliophorini,Heliophorus,"1744108325_Heliophorus viridipunctata (Ziro, Arunachal Pradesh),4.10.2020export.jpg",Monsoon Jyoti Gogoi
187,Heliophorus indicus,Indian Purple Sapphire,Apr-Nov,28-34,Hill forests,Low elevations,Lycaenidae,Lycaeninae,Heliophorini,Heliophorus,1744628467_Heliophorus indicus 1.jpg,Monsoon Jyoti Gogoi
188,Heliophorus ila,Restricted Purple Sapphire,Mar-May,20-30,"Montane forests, shrubs",700-1800,Lycaenidae,Lycaeninae,Heliophorini,Heliophorus,1744629165_Heliophorus ila2.jpg,Monsoon Jyoti Gogoi
189,Appias lyncida,Chocolate Albatross,Mar-Dec,55-70,Forests,below 1500,Pieridae,Pierinae,Pierini,Appias,Chocalate_Albatross.jpg,Punyo Chada
190,Appias indra,Plain Puffin,Feb-Nov,60-70,Forests,upto 1820,Pieridae,Pierinae,Pierini,Appias,DSCN4627.jpg,Punyo Chada
191,Appias lalage,Spot Puffin,Feb-Nov,55-80,Forests,600-2600,Pieridae,Pierinae,Pierini,Appias,Plain_Puffin_(2)_e.jpg,Mohan Prasath
192,Pieris canidia,Indian Cabbage White,Jan-Dec,45-60,Forests & farmlands,1500-3660,Pieridae,Pierinae,Pierini,Pieris,LRM_EXPORT_20180729_094043_e.jpg,Millo Tako
193,Pieris brassicae,Large Cabbage White,Mar-Dec,55-80,Forests,600-2600,Pieridae,Pierinae,Pierini,Pieris,1743570975_Large Cabbage white.jpeg,Punyo Chada
194,Pieris melete,Green-veined white,Mar-Nov,50-60,Forests,400-3660,Pieridae,Pierinae,Pierini,Pieris,1743578705_DSC_0103_e.JPG,Sandex Varghese
195,Delias berinda,Dark Jezebel,May-Oct,70-85,Forests,2000-2300,Pieridae,Pierinae,Pierini,Delias,Hill_Jezebel_e.jpg,Hibu Tatu
196,Delias pasithoe,Red-base Jezebel,Feb-Dec,70-90,Forests,upto 1340,Pieridae,Pierinae,Pierini,Delias,Red-Base_Jezebel-35.jpg,Hibu Tatu
197,Delias belladonna,Hill Jezebel,Sep-Nov,79-100,Forests,600-3000,Pieridae,Pierinae,Pierini,Delias,G_6717.jpg,K Subhendu
198,Delias acalis,Red-breast Jezebel,Mar-Nov,65-100,Forests,upto 1500,Pieridae,Pierinae,Pierini,Delias,DSCN1630.jpg,Punyo Chada
199,Delias sanaca,Pale Jezebel,Mar-Jul,70-94,hill forest,1200-3000,Pieridae,Pierinae,Pierini,Delias,1744688883_P1222226.JPG,Monsoon Jyoti Gogoi
200,Prioneris thestylis,Spotted Sawtooth,Apr-Nov,70-90,Forests,upto 2100,Pieridae,Pierinae,Pierini,Prioneris,"Spotted_sawtooth,_Prioneris_thestylis.jpg",Punyo Chada
201,Ixias pyrene,Yellow Orange-tip,Jan-Dec,50-70,Forests,upto 2100,Pieridae,Pierinae,Teracolini,Ixias,DSCN0610.jpg,Punyo Chada
202,Eurema hecabe,Common Grass Yellow,Jan-Dec,45-50,Forests & habitations,2650,Pieridae,Coliadinae,Euremini,Eurema,"Common_Grass_Yellow,_Eurema_hecabe_(Linnaeus)_e.jpg",Punyo Chada
203,Eurema blanda,Three-spot Grass Yellow,Jan-Dec,40-45,Forests,upto 1750,Pieridae,Coliadinae,Euremini,Eurema,Three-spot_Grass_Yellow_e.jpg,Mohan Prasath
204,Eurema brigitta,Small Grass Yellow,Jan-Dec,30-40,Forest clearings,upto 3660,Pieridae,Coliadinae,Euremini,Eurema,Small_Grass_Yellow_e.jpg,Mohan Prasath
205,Eurema andersonii,One-spot Grass Yellow,Mar-Dec,38-45,Forests,Low elevations,Pieridae,Coliadinae,Euremini,Eurema,IMG_6231_e.jpg,Hibu Tama
206,Gandaca harina,Tree Yellow,Mar-Dec,35-45,Forests,upto 1040,Pieridae,Coliadinae,Coliadini,Gandaca,Tree_Yellow.jpg,Mohan Prasath
207,Dercas lycorias,Plain Sulphur,Jun-Oct,50-60,hill forest,1500-2100,Pieridae,Coliadinae,Coliadini,Dercas,1744613567_Plain Sulphur.jpg,Monsoon Jyoti Gogoi
208,Abisara fylla,Dark Judy,Jan-Dec,50-60,Forests,550-2000,Riodinidae,Nemeobiinae,Abisarini,Abisara,Dark_Judy_Abisara_fylla_e.jpg,Punyo Chada
209,Abisara chela,Spot Judy,Apr-Nov,45-50,forest,upto 1500,Riodinidae,Nemeobiinae,Abisarini,Abisara,1743507057_IMG_0480.JPG,Deepa Mohan
210,Zemeros flegyas,Punchinello,Feb-Nov,35-40,Forests,300-2300,Riodinidae,Nemeobiinae, ,Zemeros,Punchinello-33_e.jpg,Hibu Tatu
211,Dodona dipoea,Lesser Punch,Apr-Nov,35-45,hill forest,1800-3000,Riodinidae,Nemeobiinae,Zemerini,Dodona,1743568568_Lesser punch.jpeg,Rohit George
212,Dodona adonira,Striped Punch,Apr-Nov,40-50,Hill forests,1460-1980,Riodinidae,Nemeobiinae,Zemerini,Dodona,"Stripe_Punch,_dodona_adorina.jpg",Punyo Chada
213,Dodona eugenes,Tailed Punch,Feb-Oct,40-55,Hill Forests,1200-2400,Riodinidae,Nemeobiinae,Zemerini,Dodona,IMG_6008_e.jpg,Hibu Tama
214,Dodona egeon,Orange Punch,Feb-Dec,45-50,hill forest,900-2700,Riodinidae,Nemeobiinae,Zemerini,Dodona,1743568540_WhatsApp Image 2025-04-02 at 09.58.01.jpeg,Punyo Chada
215,Notocrypta curvifascia,Restricted Demon,Mar-Nov,38-50,Forests,upto 1800,Hesperiidae,Hesperiinae,Aeromachini,Notocrypta,IMG_20190513_000024_e.jpg,Punyo Chada
216,Notocrypta feisthamelii,Spotted Demon,Mar-Nov,38-50,Forests,300-2700,Hesperiidae,Hesperiinae,Aeromachini,Notocrypta,IMG_20190513_000545.jpg,Punyo Chada
217,Apostictopterus fuliginosus,Giant Hopper,Jun-Aug,55-60,Forests,1500-200,Hesperiidae,Hesperiinae,Aeromachini,Apostictopterus,"Giant_Hopper,_Aposticopterus_fuliginosus.jpg",Punyo Chada
218,Ochus subvittatus,Tiger Hopper,May-Nov,22-25,Forests,upto 1500,Hesperiidae,Hesperiinae,Aeromachini,Ochus,DSC_0872.jpg,Punyo Chada
219,Udaspes folus,Grass Demon,Feb-Oct,40-48,Gardens and forests,upto 2400,Hesperiidae,Hesperiinae,Aeromachini,Udaspes,"Grass_Demon,_Udaspes_folus.jpg",Hibu Tatu
220,Ancistroides nigrita,Chocolate Demon,Mar-Dec,48-60,Forest edges,upto 1200,Hesperiidae,Hesperiinae,Aeromachini,Ancistroides,"Narrow-Banded_Velve_Bob,_Koruthaiala_rubecula_cachara.jpg",Tater Mize
221,Halpe sikkima,Sikkim Ace,Apr-Oct,29-35,Hill forests,Low elevations,Hesperiidae,Hesperiinae,Aeromachini,Halpe,Sikkim_Ace._Halpe_sikkima_Moore.jpg,Tater Mize
222,Sovia lucasii,Lucas' Ace,Apr-Oct,34-36,Hill forests,upto 2100,Hesperiidae,Hesperiinae,Aeromachini,Sovia,DSC_7447.jpg,Punyo Chada
223,Sovia separata,Chequered Ace,Mar-May,30-35,"Wetlands, grasslands",2000,Hesperiidae,Hesperiinae,Aeromachini,Sovia,1743577225_Chequered Ace Sovia separata.jpg,Rohit George
224,Sovia malta,Manipur Ace,Mar-May,30-35,"Wetlands, grasslands",2000,Hesperiidae,Hesperiinae,Aeromachini,Sovia,1743665240_manipur ace - e.JPG,Punyo Chada
225,Polytremis discreta,Himalayan Swift,Apr-Nov,34-42,hill forest,upto 3000,Hesperiidae,Hesperiinae,no_tribe,Polytremis,Yellow_Spot_Swift._Polytremis_eltola_(Hewitson).jpg,Punyo Chada
226,Pelopidas subochracea,Large Branded Swift,Mar-Nov,38-42,Forests,upto 2400,Hesperiidae,Hesperiinae,Baorini,Pelopidas,DSCN1437.jpg,Punyo Chada
227,Pelopidas assamensis,Great Swift,Jan-Nov,42-60,Forests,upto 1770,Hesperiidae,Hesperiinae,Baorini,Pelopidas,DSCN0029.jpg,Punyo Chada
228,Pelopidas sinensis,Chinese Swift,Feb-Nov,35-40,Forest fringes,upto 2400,Hesperiidae,Hesperiinae,Baorini,Pelopidas,IMG_20190513_000754.jpg,Punyo Chada
229,Pelopidas mathias,Small Branded Swift,Mar-Nov,32-38,"Grasslands, scrubs and forest edges",upto 2250,Hesperiidae,Hesperiinae,Baorini,Pelopidas,"Small_Branded_Swift,_Pelopidas_mathias_(Fabricuis)_e.jpg",Punyo Chada
230,Pelopidas conjuncta,Conjoined Swift,Jul-Nov,45-52,Forest Edges,upto 1200,Hesperiidae,Hesperiinae,Baorini,Pelopidas,IMG_6824_e.jpg,Hibu Tatu
231,Caltoris cahira,Colon Swift,Mar-Dec,34-42,Hill forests,upto 1680,Hesperiidae,Hesperiinae,Baorini,Caltoris,"Tufted_swift,_Caltoris_plebeia-h.jpg",Punyo Chada
232,Choaspes benjaminii,Indian Awlking,Mar-Nov,50-60,Forests,300-2400,Hesperiidae,Hesperiinae,Coeliadinae,Choaspes,Indian_Awlking_e.jpg,Mohan Prasath
233,Sebastonyma dolopia,Tufted Ace,May-Oct,32-34,Forests,upto 1170,Hesperiidae,Hesperiinae,Astictopterini,Sebastonyma,1743489902_c5d8b1dd-570f-433f-97ba-17d62ec9b5a3.jpeg,Punyo Chada
234,Oriens goloides,Indian Dartlet,Jan-Nov,24-28,Forests,400-1600,Hesperiidae,Hesperiinae,Taractrocerini,Oriens,DSCN0499.jpg,Punyo Chada
235,Erionota apex,White-tipped Palm-Redeye,Year round,30-35,"Forests, grasslands",100-1500,Hesperiidae,Hesperiinae,no_tribe,Erionota,1743593499_DSC_7146_e.JPG,Punyo Chada
236,Celaenorrhinus pero,Mussoorie Spotted Flat,Aug-Oct,50-65,hill forest,1500-2000,Hesperiidae,Pyrginae,no_tribe,Celaenorrhinus,1744614038_Celaenorrhinus pero lucifera.jpg,Monsoon Jyoti Gogoi
237,Celaenorrhinus pulomaya,Multi-spotted Flat,Jul-Oct,50-60,Hill Forests,1500-2000,Hesperiidae,Pyrginae,Celaenorrhinini,Celaenorrhinus,multi_spotted_flat.jpg,Punyo Chada
238,Celaenorrhinus ratna,Tytlers Multi-spotted Flat,May-Oct,40-45,Hill forests,1550-2600,Hesperiidae,Pyrginae,Celaenorrhinini,Celaenorrhinus,IMG_5873.jpg,Monsoon Jyoti Gogoi
239,Celaenorrhinus plagifera,De Niceville's Spotted Flat,Aug-Oct,50-65,Hill Forests,1900-2000,Hesperiidae,Pyrginae,Celaenorrhinini,Celaenorrhinus,1744614341_Celaenorrhinus plagifera.jpg,Monsoon Jyoti Gogoi
240,Coladenia agni,Brown Pied Flat,Mar-Oct,35-40,Forests,Low elevations,Hesperiidae,Pyrginae,Tagiadini,Coladenia,IMG_6321_e.jpg,Hibu Tama
241,Celaenorrhinus pyrrha,Double-spotted Flat,Apr-Oct,45-55,Hill forests,2000-3000,Hesperiidae,Pyrginae,Pyrginae,Celaenorrhinus,hesperiid_butterfly.jpg,Punyo Chada
242,Bibasis sena,Orange-tail Awl,Jan-Nov,40-50,forest,upto 1500,Hesperiidae,Coeliadinae,no_tribe,Bibasis,1744689125__MG_4810.jpeg.jpg,Monsoon Jyoti Gogoi
243,Hasora vitta,Plain Banded Awl,Mar-Nov,45-55,Forests,upto 2000,Hesperiidae,Coeliadinae,no_tribe,Hasora,"Plain_Banded_Awl,_Hasora_vitta.jpg",Punyo Chada
244,Hasora anura,Slate Awl,Mar-Dec,50-55,forest,200-2100,Hesperiidae,Coeliadinae,no_tribe,Hasora,1743577984_Slate awlet.jpg,Punyo Chada
245,Burara amara,Small Green Awlet,Mar-Nov,40-48,forest,200-1635,Hesperiidae,Coeliadinae,no_tribe,Burara,"Small_Green_Awlet,_Bibasis_amara.jpg",Punyo Chada
246,Burara striata,Fluted Awlet,Mar-May,30-35,Deciduous forests,100-200,Hesperiidae,Coeliadinae,no_tribe,Burara,1743593780_Awlet flutet_e.JPG,Punyo Chada
247,Darpa hanria,Hairy Angle,Mar-Sep,34-36,hill forest,300-1800,Hesperiidae,Tagiadinae,Tagiadini,Darpa,1743505373_hairy angle_e - Chada_s.JPG,Punyo Chada
248,Seseria sambara,Sikkim White Flat,Jan-Nov,45-55,hill forest,Low elevations,Hesperiidae,Tagiadinae,Tagiadini,Seseria,1743595819_DSC_7230_e.JPG,Punyo Chada
